client_id,name,age,countries
2392,Alicia Higgins,47.0,Russia
9213,Gary Evans,41.0,USA
7159,Matthew Chandler,52.0,Germany
3643,William Gonzalez,18.0,Russia
3425,Debra Phillips,53.0,USA
5960,Christopher Bradford,53.0,Germany
1249,Dr. Jacob Kennedy,74.0,Russia
3546,Crystal Townsend,,USA
16,Jennifer Blankenship,76.0,Germany
9488,Charles Boyd,,Russia
7302,Diana Cummings,,USA
5029,Emily Ramos,64.0,Germany
4747,Jeremy Robbins,35.0,Russia
2110,Betty Martinez,54.0,USA
9431,Phillip Daniels,95.0,Germany
6342,Michael Pace,80.0,Russia
2461,Michael Wood,,USA
4331,Michael Moore,34.0,Germany
4923,Ryan Sweeney,61.0,Russia
2709,Ashley Moore,56.0,USA
9964,Christopher Wright,41.0,Germany
6497,Ryan Harvey,43.0,Russia
7560,Mitchell Wilson MD,68.0,USA
8347,Kimberly Flores,59.0,Germany
9940,Justin Lopez,56.0,Russia
253,John Novak,57.0,USA
8482,Monica Hill,38.0,Germany
7582,Alison Holland,53.0,Russia
5469,Amy Hull,24.0,USA
527,Christina Gonzalez,45.0,Germany
5063,Lisa Gonzalez,,Italy
3103,Dennis Cox,86.0,Spain
2456,Amanda Mccormick,,Italy
7803,Brandi Mosley,,Spain
5075,Trevor Spencer,89.0,Italy
4956,Nathan Patel,54.0,Spain
8948,Julian Leonard,56.0,Italy
4905,Tamara Bentley,95.0,Spain
2157,Shannon Vaughn,88.0,Italy
9882,Heather King PhD,77.0,Spain
1181,Elizabeth Hays,60.0,Italy
5667,Susan Walsh,82.0,Spain
9323,Sarah Fox,57.0,Italy
4331,Morgan Carson,15.0,Spain
3437,Charles Brown,40.0,Italy
2593,Katherine Schultz,38.0,Spain
1144,Courtney Lambert,34.0,Italy
2696,Anthony Myers,44.0,Spain
7965,Daniel Gamble,,Italy
3890,Rachel Jimenez,59.0,Spain
8707,Teresa Clark,54.0,Italy
4412,Lauren Scott,96.0,Spain
840,Ariel Rasmussen,46.0,Italy
3412,Veronica Chaney,79.0,Spain
7612,Timothy Richardson,72.0,Italy
7557,Joseph Sandoval,,Spain
8230,Larry Johnson,59.0,Italy
5277,Laura Meyer,96.0,Spain
7938,Dr. Robin Vargas,87.0,Italy
8607,Sherry Fuller,,Spain
3317,Jacob Ellis,98.0,Italy
6458,Karen Buck,18.0,Spain
34,Kerry Landry,82.0,Italy
6913,William Osborne,41.0,Spain
8190,Jonathan Jennings,64.0,Italy
5550,Ashley Jimenez,,Spain
8691,Sarah Diaz,,Italy
1663,Gordon Ruiz,54.0,Spain
1104,Kristy Beck,27.0,Italy
5877,Michael Blanchard,,Spain
5453,Jonathan Drake,22.0,Italy
1563,Jennifer Hampton,,Spain
6939,Bryan Rodriguez,38.0,Italy
736,Zachary Lawson,28.0,Spain
280,David Pratt,,Italy
9758,Brett Cisneros,,Spain
7587,Pam Wolfe,82.0,Italy
2185,Jeremiah Young,,Spain
3772,Dr. Garrett Lawson,68.0,Italy
4848,James Roberts,78.0,Spain
1479,Sheila Barr,22.0,Italy
2905,Austin Harding,73.0,Spain
9948,Elizabeth Cannon,44.0,Italy
8005,Patricia Huynh,46.0,Spain
9782,John Hall,,Italy
3123,Cory Reed,,Spain
6999,Jason Cole,82.0,Italy
8549,Aaron Rodriguez,27.0,Spain
3666,Cynthia King,18.0,Italy
905,Sarah Nunez,27.0,Spain
2966,Nicole Stafford PhD,66.0,Canada
9153,Caroline Schroeder,78.0,India
7009,Jennifer Hobbs,78.0,Canada
5586,Angela Ellis,,India
462,George James,37.0,Canada
30,Mark Gutierrez,,India
8151,Zachary Miles,27.0,Canada
4048,Dr. Tommy Sutton Jr.,39.0,India
7771,Mrs. Theresa Vazquez,,Canada
8567,Terry Smith,23.0,India
